Sentence_id,Word,Label
5,loss,I-C
6,sudden,I-E
6,turn,I-E
9,accident,I-E
11,power,B-C
11,steering,I-C
11,issue,I-C
17,loss,I-C
18,update,I-C
19,failure,I-E
23,rain,I-C
23,initial,B-C
24,light,I-C
24,rain,I-C
25,failure,I-C
27,fatal,B-E
27,crash,I-E
29,failure,I-E
29,leaking,B-C
29,loss,I-C
30,experienced,B-E
30,loss,I-E
32,dangerous,B-C
32,loss,I-C
33,failure,I-C
34,clicking,I-E
34,multiple,B-C
34,makes,B-E
34,clicking,I-E
34,sound,I-E
35,terrible,B-C
35,accident,I-C
35,loss,I-E
36,snow,I-C
37,unwanted,B-E
37,lane,I-E
37,change,I-E
37,grinding,I-E
39,problem,I-C
47,hazard,I-E
48,electrical,I-C
48,problem,I-C
48,loss,I-E
49,end,B-E
58,multiple,B-C
59,incident,I-C
61,grinding,I-C
61,sound,I-E
67,traffic,I-C
68,small,B-E
69,investigation,I-C
72,heavy,I-C
72,rain,I-C
72,small,B-E
72,sudden,B-C
72,rain,I-C
72,cause,B-E
74,start,I-C
75,loss,I-E
78,start,I-C
81,noise,I-E
82,investigation,I-C
82,recall,I-E
85,not,B-C
86,end,B-E
86,collision,I-E
86,sudden,B-C
86,application,I-C
87,acceleration,I-C
92,failure,I-E
93,diagnosis,I-C
111,software,I-C
112,failure,I-E
113,failure,I-E
114,failure,I-C
116,issue,I-C
118,collision,B-E
119,issue,I-C
122,failure,I-C
123,recall,I-E
123,issue,I-C
127,accident,I-C
130,failure,I-C
131,hard,B-C
131,steering,I-C
133,crash,I-E
134,emergency,I-C
141,cause,B-E
141,damage,I-E
141,damage,I-E
142,failure,I-C
143,acceleration,I-C
144,issue,I-C
144,accident,I-E
148,sound,I-E
150,acceleration,I-C
150,accident,I-C
152,starting,I-C
152,force,I-C
153,safety,B-E
154,automatic,B-C
154,braking,I-C
154,cause,B-E
155,fear,I-E
156,near,I-E
156,misses,I-E
156,abs,I-C
157,rubbing,I-C
157,sound,I-E
157,failure,I-C
158,failure,I-C
161,increased,B-E
161,force,I-E
162,failure,I-C
162,vehicle,B-E
163,system,I-C
165,alarm,I-E
170,total,B-E
170,failure,I-E
172,failure,I-C
175,sudden,I-C
175,loss,I-C
176,problem,I-E
180,wind,I-C
181,failure,I-C
182,temporary,B-E
182,loss,I-E
182,concern,I-E
183,impact,I-E
183,near,B-C
183,accident,I-C
186,speed,I-C
186,minor,B-E
186,body,I-E
186,damage,I-E
188,failure,I-C
188,failure,I-C
190,crash,I-E
191,failure,I-C
192,fueling,I-C
198,road,I-C
201,noise,I-E
204,problem,I-C
206,steering,B-C
216,sudden,B-E
216,braking,I-C
225,danger,I-E
226,obstruction,B-C
232,crash,I-E
232,failure,I-E
232,steering,I-C
235,failure,I-C
236,issues,I-E
239,made,B-E
239,noise,I-E
244,failure,I-C
244,loss,I-E
250,research,I-C
251,dangerous,I-E
251,driving,I-E
251,situation,I-E
252,problems,I-E
253,electric,I-C
253,power,I-C
253,steering,I-C
253,system,I-C
253,fault,I-C
255,failure,I-E
255,software,I-C
255,failure,I-C
257,recall,I-E
270,recall,I-E
272,sudden,B-E
277,failure,I-C
277,failure,I-C
280,failure,I-E
281,imminent,B-E
281,collision,I-E
283,sudden,B-E
286,failure,I-C
288,failure,I-C
290,failure,I-C
291,loud,B-E
292,delay,I-E
293,forward,B-C
293,collision,I-C
293,system,I-C
293,failure,I-E
294,failure,I-C
294,stress,I-C
295,metal,B-C
295,risk,I-E
301,force,I-C
306,failure,I-C
306,failure,I-C
308,failure,I-C
309,sudden,B-E
309,loud,I-E
311,emergency,I-C
311,impact,I-C
311,unknown,B-C
311,injuries,I-C
313,failure,I-C
320,loss,I-C
320,failure,I-C
320,current,B-C
333,accident,I-E
334,issue,I-C
335,failure,I-C
336,sound,I-E
338,warning,B-E
340,failure,I-C
342,steering,B-C
343,failure,I-C
345,law,B-E
345,suit,I-E
349,sudden,I-C
349,loss,I-C
350,failure,I-E
358,loss,B-C
359,failure,I-C
359,failure,I-C
360,safety,I-C
365,noise,I-E
374,power,B-C
374,steering,I-C
374,assist,I-C
374,fault,I-C
377,problem,I-C
382,failure,I-C
383,failure,I-C
387,loss,I-C
387,steering,I-C
395,causing,B-E
395,collision,I-E
399,corrosion,I-C
399,failure,I-C
408,failure,I-C
413,noise,I-E
414,heavy,B-E
415,turn,I-C
415,failure,I-C
416,recall,I-E
416,issue,I-C
418,contamination,I-C
418,short,I-E
418,loss,I-E
418,loss,I-E
420,failure,I-C
421,issue,I-C
423,failure,B-C
423,alert,I-C
424,accident,I-E
428,engine,I-C
433,rapid,B-E
433,noise,I-E
443,failure,I-C
445,power,B-C
452,serious,B-E
452,injury,I-E
453,failure,I-C
470,failure,I-C
474,unexpected,B-C
474,stop,I-C
476,loss,B-E
477,collision,B-C
477,avoidance,I-C
477,failure,I-C
484,electric,B-C
485,loud,B-E
485,loud,B-E
501,failure,I-C
501,accident,I-E
502,failure,I-C
505,stress,I-C
505,crack,I-C
505,stress,B-E
505,crack,I-E
505,impact,I-C
505,road,B-C
509,failure,I-C
513,issue,I-C
513,resistance,I-C
514,problem,I-C
518,car,B-E
518,accident,I-E
518,hazard,I-E
521,failure,I-C
522,crash,I-E
528,short,I-E
528,life,I-E
529,failure,I-C
530,accident,I-E
532,serious,B-E
532,accident,I-E
534,recall,I-E
539,quick,B-C
539,acceleration,I-C
549,steering,I-C
552,loss,I-C
554,failure,I-C
557,design,I-C
559,accident,I-E
560,mistake,I-C
560,recall,I-E
560,mistake,I-C
563,risk,I-E
573,failure,I-C
578,failure,I-C
579,power,I-C
579,steering,I-C
579,cut,I-C
580,failure,I-C
584,heavy,B-C
584,rain,I-C
590,loss,I-C
593,attempted,I-C
593,restart,I-C
594,failure,I-C
600,loss,B-C
601,collision,I-C
606,failure,I-C
608,failure,I-C
610,failure,I-C
610,failure,I-C
610,failure,I-C
613,power,I-E
615,failure,I-C
615,failure,I-C
618,failure,I-E
618,software,I-C
618,failure,I-C
619,failure,I-C
619,failure,I-C
630,braking,I-E
632,failure,I-C
633,back,B-E
633,pain,I-E
638,brake,I-C
638,failure,I-C
638,injuries,I-E
638,failure,I-C
638,accident,I-E
640,serious,B-E
640,crash,I-E
644,complete,I-C
644,stop,I-C
647,loss,I-C
647,loss,I-C
648,loss,I-C
648,loss,I-C
655,collision,I-E
658,accident,I-E
659,failure,I-C
661,emergency,I-C
661,braking,I-C
661,system,I-C
662,flaw,I-C
671,vehicle,I-C
671,loud,B-E
671,sound,I-E
674,failure,I-C
678,steering,I-C
679,sound,I-E
679,serious,B-E
679,accident,I-E
680,loss,I-E
680,incident,I-C
686,auto,B-C
686,alarm,I-C
687,failure,I-C
693,failure,I-E
693,failure,I-C
698,failure,I-C
699,failure,I-C
699,issue,I-C
700,hurt,I-E
705,steering,I-C
705,loss,I-C
705,accident,I-E
705,loss,I-E
707,failure,I-C
708,failure,I-C
709,malfunction,I-C
709,failure,I-C
715,failure,I-E
715,failure,I-C
715,failure,I-C
720,unsafe,I-E
720,condition,I-E
720,accident,I-E
720,collision,B-E
721,sound,I-E
726,failure,I-C
727,failure,I-C
728,loss,I-E
728,steering,I-C
728,loss,I-C
737,loss,I-E
742,terrible,B-E
742,grinding,I-E
742,sound,I-E
750,failure,I-C
752,vehicle,I-C
752,loss,I-E
753,safety,B-E
753,risk,I-E
753,examination,I-C
753,failure,I-E
756,noise,I-E
759,corrosion,I-C
763,light,I-C
763,failure,I-C
768,conditions,I-C
770,issue,I-C
776,dangerous,I-E
776,driving,I-E
780,freeze,I-C
780,experience,B-E
780,loss,I-E
783,system,I-C
783,numerous,B-E
783,problems,I-E
784,significant,B-E
784,oil,B-C
786,failure,I-C
788,higher,B-C
788,speed,I-C
788,risk,I-E
789,failure,I-C
789,failure,I-C
793,crash,I-E
796,steering,I-C
799,sudden,B-E
799,braking,I-E
799,automatic,B-C
799,braking,I-C
799,system,I-C
799,loud,B-E
799,noise,I-E
799,sudden,B-C
799,braking,I-C
799,back,B-E
799,pain,I-E
799,increased,B-E
799,headache,I-E
801,error,I-C
801,message,I-C
801,loss,B-E
801,issue,I-E
801,inadequate,B-C
801,loss,I-E
801,potential,B-E
801,crash,B-E
805,power,B-C
805,steering,I-C
805,failure,I-C
805,failure,I-C
807,collision,I-C
808,oil,I-C
808,change,I-C
811,collision,I-E
817,failure,I-C
817,failure,I-C
818,delay,B-C
821,failure,I-C
822,crash,I-E
824,alarm,I-C
828,failure,I-C
836,issue,I-E
836,bad,I-C
836,battery,I-C
836,damaged,I-C
836,loss,I-E
841,failure,I-C
844,failure,I-C
845,steering,I-C
845,fault,I-C
845,message,I-C
846,problem,I-C
849,steering,I-C
855,problem,I-E
855,test,I-C
857,impact,I-C
865,steering,I-C
870,failure,I-C
871,complete,B-C
871,loss,I-C
874,loss,I-C
874,failure,I-C
875,alert,I-E
882,near,B-E
882,delay,I-C
882,several,B-E
882,close,I-E
882,calls,I-E
883,failure,I-E
885,sudden,B-E
885,acceleration,I-E
888,rapid,B-E
888,accident,I-C
895,recall,I-E
895,safety,I-C
895,issue,I-C
897,accident,I-E
899,stop,I-C
899,burning,B-E
899,smell,I-E
904,issue,I-C
906,failure,I-E
906,failure,I-C
906,vehicle,I-C
919,failure,I-E
921,sound,I-E
924,alarm,I-E
925,failure,I-C
927,noise,I-E
929,failure,I-E
931,failure,I-C
934,system,B-E
934,alert,I-E
937,faulty,B-C
937,part,I-C
938,vehicle,B-E
944,braking,I-C
949,failure,I-C
958,failure,I-C
959,steering,I-C
959,failure,I-C
965,crash,I-E
965,failure,I-C
970,heating,I-C
970,unintended,B-E
970,lane,I-E
974,recallthey,I-C
979,quick,B-C
980,vehicle,I-C
981,failure-,I-C
981,wreck,I-C
982,failure,I-C
982,failure,I-C
987,pile,I-E
990,failure,I-C
990,failure,I-C
991,diagnostics,I-C
1002,failure,I-C
1002,failure,I-C
1002,failure,I-C
1004,failure,I-C
1008,fuel,I-C
1009,loss,I-E
1009,loss,I-E
1011,failure,I-C
1013,failure,I-C
1013,failure,I-C
1014,car,I-C
1014,grinding,I-E
1014,noise,I-E
1016,sound,I-E
1019,safety,I-C
1023,safety,B-E
1023,hazard,I-E
1037,forward,B-E
1037,collision,I-E
1037,alerts,I-E
1037,unsafe,I-E
1037,driving,I-E
1037,condition,I-E
1042,failure,I-C
1045,hitting,I-C
1047,failure,I-C
1048,rear,I-E
1048,end,I-E
1048,collision,I-E
1048,semi,I-C
1051,extreme,B-E
1051,scare,I-E
1057,crack,I-C
1059,accident,I-C
1061,issue,I-C
1065,wear,I-E
1065,water,I-C
1065,premature,B-E
1065,wear,I-E
1068,failure,I-C
1069,steering,B-C
1069,assist,I-C
1069,issues,I-C
1078,collision,I-E
1079,failure,I-C
1079,failure,I-C
1082,short,I-C
1082,loss,I-E
1085,spontaneous,B-E
1087,diagnostic,I-C
1087,test,I-C
1091,severe,B-E
1091,accident,I-E
1094,collision,I-E
1098,issue,I-E
1101,brake,B-C
1103,outside,B-C
1106,serious,B-E
1106,injuries,I-E
1107,electronic,B-E
1113,serious,B-E
1123,loss,I-E
1124,abnormal,B-E
1124,scraping,I-E
1124,noise,I-E
1124,vehicle,I-C
1125,noise,I-E
1125,end,B-E
1129,complete,B-C
1129,loss,I-C
1131,power,I-C
1131,steering,I-C
1132,force,I-C
1134,force,I-C
1135,failure,I-C
1137,problem,I-C
1138,hitting,I-C
1148,grinding,I-E
1148,noise,I-E
1152,force,I-C
1156,problems,I-C
1166,failure,I-C
1170,recall,I-C
1177,deceleration,I-C
1178,abrupt,B-C
1178,braking,I-C
1178,increasing,B-E
1178,risk,B-E
1178,crash,I-E
1181,accident,I-E
1182,known,I-C
1183,sound,I-E
1183,failure,I-E
1183,power,I-C
1183,steering,I-C
1183,assist,I-C
1183,fault,I-C
1188,wheel,I-C
1190,noise,I-E
1190,engine,I-C
1200,accident,I-E
1200,sudden,B-C
1200,brake,I-C
1200,application,I-C
1211,failure,I-C
1212,harm,I-E
1212,slow,I-C
1212,right,I-C
1212,turn,I-C
1212,car,I-C
1215,possible,B-E
1215,end,I-E
1215,collision,I-E
1217,failure,I-C
1218,computer,B-C
1218,failure,I-C
1220,front,B-C
1220,radar,I-C
1220,obstruction,I-C
1225,loss,I-E
1226,issue,I-E
1228,accident,I-E
1229,sun,B-E
1237,injuries,I-E
1238,road,B-C
1239,failure,I-E
1240,sudden,B-C
1240,loss,I-C
1240,accident,I-E
1242,multiple,B-C
1243,malfunction,I-C
1244,failure,I-C
1244,injury,I-C
1244,accident,I-C
1246,alarm,I-C
1247,known,I-C
1247,issue-,I-C
1247,known,B-C
1247,issues,I-C
1247,slow,B-E
1251,cold,B-C
1251,start,I-C
1253,behavior,I-C
1254,rapid,B-E
1254,deceleration,I-E
1262,close,I-E
1263,fault,I-C
1263,loss,I-C
1264,accident,I-E
1264,emergency,I-C
1268,accident,I-E
1268,failure,I-C
1271,second,B-C
1271,failure,I-C
1273,traffic,B-E
1273,collision,I-E
1275,issue,I-C
1278,failure,I-C
1279,failure,I-C
1280,safety,B-E
1283,alert,I-E
1283,power,B-C
1283,steering,I-C
1283,assist,I-C
1285,problem,I-C
1285,issue,B-E
1285,safety,I-C
1285,concern,I-C
1287,disclaimer,B-E
1289,failure,I-C
1291,failure,I-C
1291,accident,I-E
1295,unsafe,I-C
1295,steering,I-C
1295,rock,I-C
1296,sudden,I-E
1296,right,I-E
1296,turn,I-E
1296,sudden,B-C
1296,turn,I-C
1298,problem,I-C
1302,failure,I-C
1305,failure,I-C
1305,high,B-C
1306,failure,I-C
1306,failure,I-C
1307,sound,I-E
1307,failure,I-C
1310,failure,I-C
1314,failure,I-C
1316,loud,B-E
1316,sound,I-E
1317,issue,I-C
1317,serious,B-E
1317,accident,I-E
1325,diagnostic,I-C
1335,force,I-E
1336,sudden,B-C
1336,loss,I-C
1341,investigation,I-C
1341,failure,I-C
1350,severe,B-E
1350,end,I-E
1350,collision,I-E
1350,sudden,I-C
1357,loss,I-C
1359,problem,I-E
1359,operator,B-C
1359,error,I-C
1368,failure,I-C
1369,sound,I-E
1372,failure,I-E
1373,injuries,I-E
1373,failure,I-C
1375,heat,I-C
1379,lane,I-C
1382,end,B-E
1382,collision,I-E
1384,recall,I-E
1384,loss,B-C
1388,problemtahoe,I-C
1389,injury,I-C
1390,accident,I-E
1391,failure,I-C
1393,loud,B-E
1393,sound,I-E
1396,audible,B-E
1397,accident,I-E
1398,failure,I-C
1401,failure,I-C
1401,failure,I-C
1409,failure,I-E
1411,high,B-C
1416,failure,I-C
1417,failure,I-C
1427,corrosion,I-C
1428,failure,I-C
1435,failure,I-C
1438,limited,B-C
1438,illumination,I-C
1439,haywire,I-C
1439,behavior,I-C
1442,failure,I-C
1444,emergency,I-C
1444,braking,I-C
1448,car,B-E
1448,crash,I-E
1452,problem,I-C
1454,failure,I-C
1455,failure,I-C
1455,failure,I-C
1458,problem,I-C
1462,immediate,B-E
1462,effort,I-C
1465,loss,I-C
1465,failure,I-C
1469,problem,I-C
1473,inspection,I-C
1477,loud,B-E
1477,problem,I-C
1478,screen,B-C
1478,failures,I-C
1484,unsafe,B-C
1486,alarm,I-E
1490,hard,I-C
1490,pull,I-C
1490,collision,I-E
1494,injuries,I-C
1498,safety,B-C
1504,issue,I-C
1509,noise,I-E
1510,force,I-C
1511,issue,I-C
1513,failure,I-E
1516,lack,I-C
1521,damage,I-E
1522,crash,I-E
1524,failure,I-E
1525,power,I-C
1525,steering,I-C
1526,effort,I-E
1527,problem,I-E
1528,failures,I-C
1529,optical,B-C
1529,rock,I-C
1537,electrical,I-C
1537,problem,I-C
1541,failure,I-C
1544,failure,I-C
1545,failure,I-C
1547,slow,B-C
1547,response,I-C
1547,accident,I-E
1547,problem,I-C
1548,malfunction,I-C
1548,crash,I-E
1550,crash,I-E
1550,issue,I-C
1554,black,B-E
1558,failure,I-C
1558,failure,I-C
1559,loss,I-C
1560,factory,B-C
1560,reset,I-C
1563,accident,I-E
1564,loss,B-E
1564,poor,B-C
1564,electrical,I-C
1564,connection,I-C
1564,dangerous,I-E
1564,driving,I-E
1565,failure,I-C
1570,grinding,I-E
1570,noise,I-E
1576,failure,I-C
1577,crash,I-E
1577,freeze,I-C
1577,freeze,I-C
1577,collision,I-E
1579,issue,I-C
1583,accident,I-C
1583,quick,B-C
1583,driver,I-C
1585,failure,I-C
1587,failure,I-C
1589,failure,I-C
1590,system,I-C
1591,failure,I-C
1592,failure,I-C
1599,sudden,B-C
1599,braking,I-C
1601,force,I-C
1602,safety,I-C
1602,issue,I-C
1610,oncoming,B-C
1612,loss,I-C
1612,vehicle,B-E
1612,crash,I-E
1614,repeated,B-C
1614,violations,I-C
1615,hard,B-E
1616,failure,I-C
1617,power,B-C
1617,steering,I-C
1617,hard,I-C
1617,steering,I-C
1619,car,I-C
1620,loss,I-E
1620,failure,I-C
1628,issues,I-E
1630,loss,I-E
1631,sound,I-E
1631,failure,I-C
1632,forward,B-C
1632,collision,I-C
1635,poor,B-C
1635,visibility,I-C
1635,rain,I-C
1640,failure,I-E
1641,severe,B-E
1641,damage,I-E
1641,collision,I-C
1645,fuel,I-C
1647,alarm,I-E
1648,failure,I-C
1653,failure,I-C
1654,issue,I-C
1655,loss,I-C
1655,crash,B-E
1655,accident,I-E
1656,vehicle,I-E
1659,rear,B-E
1659,collision,I-E
1664,failure,I-C
1665,dangerous,I-E
1667,failure,I-C
1671,problems,I-E
1672,problem,I-C
1675,accident,I-E
1680,diagnostic,I-C
1681,extreme,B-C
1681,accident,I-E
1681,low,I-C
1685,crashes,I-C
1687,sudden,I-C
1687,braking,I-C
1692,wear,I-C
1692,condition,I-C
1692,drop,I-E
1692,loss,I-E
1692,work,I-C
1692,leaking,I-C
1695,loss,I-C
1696,safety,B-E
1696,software,I-C
1701,serious,B-E
1701,crash,I-E
1702,crash,I-E
1704,steering,I-C
1706,failure,I-C
1708,sudden,I-C
1708,loss,I-E
1709,accident,I-E
1709,risk,I-E
1709,crash,I-E
1710,problem,I-C
1713,issue,I-E
1716,terrible,B-E
1717,impact,I-C
1717,damage,I-E
1720,wear,I-C
1720,condition,I-C
1720,loss,I-E
1725,emergency,B-C
1728,force,I-C
1730,failure,I-E
1735,loss,I-E
1739,major,B-E
1740,sound,I-C
1741,intermittent,I-C
1741,loss,I-E
1750,abrupt,B-C
1750,loss,I-C
1750,problem,I-C
1753,potential,B-E
1754,force,I-C
1756,loss,I-E
1756,eps,B-C
1756,recall,I-C
1764,sudden,B-E
1764,loss,I-E
1765,loss,I-E
1765,loss,I-E
1767,electronic,B-C
1767,power,B-C
1767,steering,I-C
1773,lack,I-C
1774,immediate,B-C
1774,loss,I-C
1781,loud,B-E
1781,braking,I-C
1782,wind,I-C
1783,weather,I-C
1783,crash,I-E
1784,vehicle,I-C
1786,accident,I-E
1788,ice,I-C
1789,loss,I-E
1791,safety,B-E
1797,loss,I-E
1798,hard,B-E
1798,issues,I-C
1799,grinding,I-E
1799,noise,I-E
1818,shake,I-E
1819,noise,I-E
1819,crash,I-E
1826,incident,I-C
1831,accident,I-C
1831,incident,I-C
1831,problem,I-E
1831,quality,I-C
1834,service,I-C
1835,loss,I-C
1836,sudden,B-E
1836,unexpected,I-C
1836,stopping,I-E
1837,recall,I-E
1846,power,B-C
1846,steering,I-C
1846,malfunctioning,I-C
1851,recall,I-E
1851,failure,I-C
1853,collision,B-E
1858,crash,I-E
1866,flat,I-C
1866,component,I-C
1866,failure,I-C
1873,potential,B-C
1873,danger,I-C
1873,dangerous,I-E
1873,problem,I-E
1875,problem,I-E
1879,diagnostic,I-C
1882,loss,I-E
1883,dangerous,I-E
1886,traffic,B-C
1886,congestion,I-C
1887,sudden,I-C
1887,loss,I-E
1887,recall,I-E
1889,failure,I-E
1893,loss,I-C
1896,power,B-C
1896,steering,I-C
1896,assist,I-C
1896,fault,I-C
1898,failure,I-E
1898,faulty,I-C
1898,electrical,I-C
1898,connection,I-C
1899,forward,B-E
1901,failure,I-E
1901,faulty,I-C
1901,electrical,I-C
1901,connection,I-C
1904,first,B-C
1904,occurrence,I-C
1909,failure,I-C
1910,leak,I-C
1910,total,B-E
1910,loss,I-E
1915,crash,I-E
1916,safety,I-C
1916,issue,I-C
1916,serious,B-E
1916,accident,I-E
1920,rapid,B-E
1920,collision,I-E
1920,near,B-E
1920,collisions,I-E
1921,collision,I-C
1921,end,I-E
1921,collision,I-E
1923,repair,I-C
1928,abrupt,I-C
1928,stop,I-C
1930,accident,I-E
1934,slight,B-C
1934,turn,I-C
1937,crash,I-E
1940,sound,I-E
1943,traffic,I-C
1944,force,I-C
1945,loss,I-E
1945,problem,I-E
1948,check,I-C
1948,unsafe,B-C
1948,condition,I-C
1948,force,I-C
1949,fault,I-C
1949,power,B-E
1949,steering,B-E
1949,failure,I-E
1951,action,B-E
1956,failure,I-C
1959,failure,I-C
1960,failure,I-E
1963,failure,I-C
1964,system,I-C
1964,unsafe,I-E
1964,condition,I-E
1965,recall,I-E
1965,issue,I-C
1972,problem,I-C
1973,loss,I-E
1973,safety,I-C
1973,issue,I-C
1974,steering,B-E
1974,multiple,B-C
1977,groan,I-E
1979,slowing,I-E
1982,hitting,I-C
1991,heat,B-C
1995,issue,I-C
1995,safety,I-C
1995,issue,I-C
1996,problems,I-E
1996,bad,I-C
1996,battery,I-C
2004,sudden,B-C
2004,unexpected,B-C
2004,braking,I-C
2004,three,B-E
2010,failure,I-C
2014,rattling,I-E
2014,noise,I-E
2017,failure,I-C
2022,loss,I-E
2025,steering,I-C
2025,system,I-C
2025,fault,I-C
2025,increase,I-E
2030,sudden,B-E
2030,loss,I-E
2032,failure,I-C
2036,failure,I-E
2037,failure,I-E
2039,failure,I-C
2040,low,I-C
2041,sound,I-E
2044,impact,I-C
2052,noise,I-E
2053,recall,I-E
2054,minor,B-E
2054,damage,I-E
2061,leaking,B-C
2061,caused,B-E
2061,failure,I-E
2062,increased,B-C
2062,turning,I-C
2062,effort,I-C
2063,vehicle,I-C
2064,loss,I-E
2065,force,I-C
2066,safety,I-E
2066,issue,I-E
2071,failure,I-C
2073,noise,I-E
2076,power,I-C
2076,steering,I-C
2076,failure,I-C
2078,switch,I-C
2078,failure,I-C
2080,collision,I-E
2080,warning,I-E
2080,sudden,B-C
2080,slowing,I-C
2086,problems,I-E
2086,system,I-C
2088,failure,I-C
2091,end,B-E
2092,issue,I-C
2093,steering,B-C
2095,notification,I-E
2095,car,I-C
2097,noise,I-E
2105,hit,I-E
2107,pressure,I-C
2108,control,I-C
2108,faulted,I-C
2108,warning,I-E
2108,steering,B-E
2109,power,I-C
2109,steering,I-C
2109,failure,I-C
2113,failure,I-E
2119,unexpected,B-C
2122,no,B-E
2132,recall,I-E
2132,steering,B-C
2143,torque,B-C
2143,sensor,I-C
2145,causing,B-E
2145,loss,I-E
2146,rubbing,I-C
2146,fire,I-E
2149,end,I-E
2149,collision,I-E
2149,failure,I-C
2149,failure,I-C
2150,failure,I-C
2150,failure,I-C
2151,quick,B-C
2154,failure,I-C
2158,sudden,B-C
2158,loss,I-C
2158,investigation,I-C
2159,failure,I-E
2161,sudden,I-C
2161,loss,I-C
2166,traffic,I-C
2171,failures,I-C
2171,loss,B-E
2173,error,I-C
2173,accident,I-E
2174,collision,I-C
2176,collision,B-E
2176,alarm,I-E
2176,safety,I-C
2178,subtle,B-E
2178,click,I-E
2180,failure,I-C
2181,failure,I-C
2182,failure,I-C
2183,failure,I-C
2184,safety,B-E
2184,incidence,I-E
2186,accident,I-E
2187,loss,I-C
2188,failure,I-C
2191,sudden,B-E
2191,loss,I-E
2193,loss,I-E
2195,faulty,I-C
2195,transmission,I-C
2196,failure,I-C
2199,power,B-C
2199,steering,I-C
2199,fault,I-C
2200,of,B-E
2200,racket,I-E
2202,accident,I-E
2204,failure,I-C
2206,loss,I-C
2206,loss,I-E
2206,problem,I-C
2208,collision,I-E
2208,following,I-C
2208,vehicle,I-C
2208,problem,I-C
2209,loss,I-E
2210,failures,I-C
2211,steering,I-C
2211,failure,I-C
2217,risk,I-E
2217,crash,I-E
2217,no,B-C
2217,problem,I-E
2218,crash,I-C
2218,lights,I-C
2225,failure,I-C
2226,law,B-E
2226,accident,I-C
2228,noise,I-E
2230,total,B-E
2230,failure,I-E
2231,steering,I-C
2235,front,B-C
2238,steering,I-C
2238,noise,I-E
2239,failure,I-C
2242,problem,I-C
2243,water,I-C
2244,problem,I-C
2248,small,I-C
2248,rock,I-C
2248,small,B-C
2248,rock,I-C
2259,malfunctions,I-C
2259,loss,I-E
2259,failure,I-C
2261,momentary,B-E
2261,loss,I-E
2262,reduction,I-C
2262,force,I-C
2262,sudden,B-C
2262,failure,I-C
2263,failure,I-C
2266,steering,I-C
2266,distraction,I-E
2266,terrain,I-C
2266,issue,I-E
2268,delay,I-C
2280,major,B-C
2280,malfunction,I-C
2282,sound,I-E
2284,sudden,B-C
2284,loss,I-C
2284,near,B-E
2284,loss,I-E
2288,failure,I-C
2293,loss,I-E
2295,electrical,I-C
2295,connection,I-C
2295,safety,I-C
2295,issue,I-C
2299,force,I-C
2301,loss,I-C
2302,unexpected,B-C
2302,vehicle,I-C
2302,control,I-C
2302,automatic,B-E
2302,unexpected,B-E
2302,issue,I-C
2308,safety,B-E
2310,power,B-E
2310,steering,I-E
2310,failures,I-E
2314,loss,I-E
2319,unexpected,B-C
2319,loss,I-C
2322,dangerous,B-C
2322,accident,I-E
2327,sudden,I-C
2332,power,B-C
2332,steering,I-C
2332,grinding,I-E
2332,noise,I-E
2332,difficult,B-E
2332,steering,I-E
2333,immediate,B-E
2333,loss,I-E
2336,failure,I-C
2341,failure,I-C
2342,huge,B-E
2342,recall,I-E
2347,crash,I-E
2347,crash,I-E
2347,vehicle,I-C
2347,crash,I-C
2349,malfunction,I-C
2349,loss,I-E
2359,near,I-C
2359,miss,I-C
2361,no,B-C
2361,error,I-C
2362,delay,I-C
2363,car,B-C
2363,trouble,I-C
2364,safety,B-C
2364,hazard,I-C
2364,crash,I-E
2371,failure,I-C
2372,issue,I-C
2374,behavior,I-C
2374,deaths,I-E
2381,noise,I-E
2385,loss,I-C
2385,failure,I-C
2386,dangerous,I-E
2389,loss,I-E
2389,failure,I-C
2391,failure,I-C
2391,loss,I-C
2391,failure,I-C
2392,failure,I-C
2392,loss,I-E
2392,failure,I-C
2395,view,I-E
2396,danger,I-E
2397,problem,I-C
2399,clicking,I-E
2399,sound,I-E
2403,failure,I-C
2405,sudden,I-C
2405,momentary,B-E
2405,driver,B-E
2405,panic,I-E
2410,power,B-C
2410,steering,I-C
2410,control,B-E
2410,failure,I-E
2411,vehicles,I-C
2411,forward,I-C
2411,collision,I-C
2411,system,I-C
2411,acceleration,I-C
2414,action,I-C
2414,sudden,I-E
2414,drop,I-E
2414,braking,I-C
2414,action,I-C
2415,problem,I-C
2415,safety,I-E
2417,noise,I-E
2424,sudden,B-E
2424,loss,I-E
2424,sudden,B-E
2424,loss,I-E
2430,experienced,B-E
2432,many,B-E
2434,problem,I-C
2443,deaths,I-C
2443,death,I-C
2443,tragedy,I-C
2448,loss,I-C
2449,engine,B-E
2449,fire,I-E
2449,oil,B-C
2449,leaks,I-C
2450,accident,I-E
2452,video,I-C
2455,dangerous,I-E
2456,failure,I-C
2457,failure,I-C
2458,computer,I-C
2458,failure,I-C
2461,danger,I-E
2475,failure,I-C
2477,loss,I-E
2477,failure,I-C
2481,recall,I-E
2482,problem,I-C
2484,warning,B-E
2490,crash,I-C
2491,risk,I-E
2494,major,B-E
2494,accident,I-E
2497,recall,I-E
2497,issue,I-C
2504,action,B-E
2507,incident,I-C
2507,collision,I-E
2509,failure,I-C
2512,emergency,B-E
2513,sound,I-E
2513,sound,I-E
2514,warning,I-E
2516,accident,I-E
2518,failure,I-C
2520,loss,I-E
2529,new,B-C
2529,firm,B-E
2531,sensor,I-C
2531,error,I-C
2540,loose,B-C
2545,sudden,I-C
2545,loss,I-C
2545,sudden,B-C
2545,loss,I-C
2546,loss,I-C
2546,loss,I-E
2549,power,I-C
2552,issue,I-C
2556,electrical,I-C
2556,problems,I-C
2556,accident,I-E
2558,issue,I-C
2558,lock,I-E
2562,numerous,B-C
2562,phone,B-C
2564,power,B-C
2564,steering,I-C
2564,assist,I-C
2567,problem,I-C
2574,accident,I-E
2577,hard,I-E
2577,braking,I-E
2577,event,I-E
2577,hard,I-E
2577,braking,I-E
2577,event,I-E
2578,failure,I-C
2579,failure,I-E
2580,power,I-C
2582,dangerous,I-E
2584,huge,B-E
2584,spot,I-E
2585,failure,I-C
2587,failure,I-C
2588,sudden,I-C
2588,loss,I-E
2590,computer,I-C
2591,loud,B-E
2591,noise,I-E
2591,loss,I-E
2594,caught,B-E
2594,fire,I-E
2594,fire,I-E
2596,error,I-C
2597,loss,I-C
2598,short,I-C
2599,condition,I-C
2604,failure,I-C
2608,loss,I-E
2609,sudden,I-C
2618,loud,B-E
2618,noise,I-E
2618,engine,I-C
2619,sensor,I-C
2619,failure,I-C
2620,collision,I-E
2622,failure,I-C
2624,loss,I-E
2635,failure,I-C
2636,failure,I-C
2636,loss,I-E
2641,lack,I-C
2641,movement,I-C
2641,force,I-C
2642,damage,I-E
2642,damage,I-E
2644,crash,I-E
2645,failure,I-C
2646,sudden,I-C
2646,loss,I-C
2646,increased,I-E
2646,risk,I-E
2656,heavy,B-E
2657,failure,I-E
2662,failure,I-C
2662,loss,I-E
2662,failure,I-C
2663,failure,I-C
2664,problem,I-C
2665,loss,I-E
2665,highway,B-E
2665,examination,I-C
2666,accident,I-E
2667,minor,B-E
2667,damages,I-E
2668,issues,I-E
2670,huge,B-E
2670,hazard,I-E
2670,crazy,B-C
2677,short,I-C
2681,transmission,B-C
2685,crash,I-E
2692,oil,I-C
2697,ice,I-C
2697,build-up,I-C
2697,problem,I-E
2699,malfunction,I-C
2699,loss,I-E
2700,accident,I-E
2707,noise,I-E
2708,noise,I-E
2712,damage,I-E
2714,front,B-C
2714,sensor,I-C
2717,recall,I-C
2722,loss,I-E
2723,alarm,I-E
2726,collision,I-E
2729,distance,I-C
2730,problem,I-E
2731,failure,I-C
2733,accident,I-E
2739,vehicle,I-C
2743,malfunction,I-C
2744,sudden,B-C
2744,loss,I-C
2744,pressure,I-E
2754,inadvertent,I-C
2754,activation,I-C
2757,accident,I-E
2759,sudden,B-C
2759,loss,I-C
2759,total,B-E
2759,failure,I-E
2759,sensor,I-C
2759,code,I-C
2762,problem,I-C
2768,battery,I-C
2769,loss,I-E
2772,extreme,B-E
2772,shaking,I-E
2777,noise,I-E
2780,accident,I-E
2780,fault,I-C
2785,warning,B-E
2785,loud,B-E
2785,sound,I-E
2786,cold,I-C
2786,start,I-C
2787,failure,I-C
2788,problem,I-C
2791,small,B-C
2791,turn,I-C
2793,knocking,I-E
2793,sound,I-E
2796,loss,I-E
2796,failure,I-C
2797,loss,I-E
2797,partial,B-C
2797,short,I-C
2800,failure,I-C
2801,failure,I-C
2801,loss,I-C
2808,near,I-E
2818,near,I-E
2818,accident,I-E
2818,lost,I-E
2818,reckless,I-C
2818,experiment,I-C
2821,two,B-E
2821,near,I-E
2828,accident,I-E
2829,crash,B-E
2831,problem,I-C
2833,bad,B-E
2833,crash,I-E
2835,steering,I-C
2835,accident,I-E
2839,momentary,B-E
2839,loss,I-E
2843,failure,I-C
2848,loss,I-C
2849,failure,I-C
2853,failure,I-C
2854,simple,B-C
2855,power,I-E
2855,assistance,I-E
2855,loose,B-C
2858,fault,I-C
2858,previous,B-C
2858,recall,I-C
2859,intermittent,I-C
2859,loss,I-E
2860,loud,I-E
2861,failure,I-C
2861,sudden,B-E
2861,loss,I-E
2865,diagnostic,I-C
2871,damage,I-E
2879,complete,B-C
2879,power,B-C
2879,steering,I-C
2879,failure,I-C
2884,crash,I-E
2886,loss,I-C
2889,safety,B-E
2889,recall,I-E
2892,fatal,B-E
2892,accidents,I-E
2905,problem,I-C
2905,concerns,I-C
2909,recall,I-E
2909,issue,I-C
2911,power,I-C
2911,steering,I-C
2912,diagnostic,I-C
2912,failure,I-C
2913,car,I-C
2913,noise,I-E
2914,action,B-E
2919,death,I-E
2919,angle,I-C
2921,issue,I-C
2921,crash,I-E
2922,accident,I-E
2923,steering,I-C
2923,failure,I-C
2925,risk,I-E
2925,crash,I-E
2926,under,B-C
2927,steering,I-C
2928,failure,I-C
2932,failure,I-C
2934,malfunction,I-C
2936,monetary,B-E
2936,loss,I-E
2937,rubbing,I-E
2937,noise,I-E
2937,steering,I-C
2937,failure,I-C
2937,loss,I-E
2941,loss,I-E
2942,power,I-E
2942,failure,I-C
2950,electrical,I-C
2953,accident,I-E
2954,sound,I-E
2959,adaptive,B-C
2959,control,I-C
2959,emergency,I-E
2960,accident,I-E
2960,sudden,I-C
2971,issue,I-C
2976,loss,I-E
2979,alarm,I-E
2979,accident,I-E
2979,effort,I-C
2983,issues,I-C
2985,serious,B-E
2985,injury,I-E
2986,failure,I-C
2994,failure,I-C
2996,grinding,I-C
2996,noise,I-E
3001,cold,B-C
3001,start,I-C
3012,failure,I-C
3017,actions,I-C
3017,problem,I-E
3018,power,B-C
3018,high,B-E
3018,risk,I-E
3018,problem,I-C
3024,difficulty,I-C
3026,accident,I-E
3028,clicking,I-E
3028,sound,I-E
3028,failure,I-C
3033,shake,I-E
3033,near,I-E
3037,oil,I-C
3041,problem,I-E
3041,missing,I-C
3045,alarm,I-E
3049,small,B-E
3049,initial,B-C
3049,jerk,I-C
3049,small,B-E
3053,fault,I-C
3053,immediate,I-E
3053,loss,I-E
3053,crash,I-C
3058,sudden,B-E
3058,loss,I-E
3058,loss,I-E
3060,problem,I-C
3061,force,I-C
3061,failure,I-E
3064,defect,I-C
3064,reduced,B-E
3068,problems,I-E
3068,damage,I-E
3073,safety,I-C
3073,issue,I-C
3080,force,I-C
3080,failure,I-C
3080,loss,I-C
3085,special,B-E
3085,treatment,I-E
3086,failure,I-E
3090,loss,I-E
3091,problem,I-E
3100,sustained,B-E
3100,injuries,I-E
3101,turning,I-C
3101,caused,B-E
3101,accident,I-E
3103,failure,I-C
3104,problem,I-E
3104,fault,I-E
3105,power,B-C
3105,steering,I-C
3107,failure,I-C
3108,sensor,I-C
3108,fault,I-C
3109,loss,I-E
3112,steering,I-C
3112,injury,I-E
3113,loss,I-C
3114,accident,I-E
3114,issue,I-C
3119,problem,I-C
3123,steering,I-C
3123,noises,I-C
3125,computer,B-C
3128,force,I-C
3128,problem,I-C
3130,crash,I-E
3130,problem,I-C
3134,weird,B-E
3134,noise,I-E
3136,failure,I-C
3136,crash,I-E
3137,loss,I-E
3139,crash,I-E
3140,crash,I-C
3140,damage,I-C
3140,crash,I-C
3146,crash,I-E
3147,loss,I-E
3147,smell,I-E
3147,issue,I-C
3149,vehicle,B-E
3156,malfunction,I-C
3157,noise,I-C
3167,serious,B-E
3167,crash,I-E
3167,problems,B-C
3168,impact,I-C
3168,smoke,I-E
3169,failure,I-C
3173,sudden,B-E
3173,loss,I-E
3173,loss,I-E
3174,accident,I-E
3184,dead,I-C
3184,battery,I-C
3185,failure,I-C
3186,loss,I-E
3191,oil,B-E
3191,damage,I-E
3191,oil,I-C
3191,leak,I-C
3191,failure,I-C
3195,slight,B-E
3195,vibration,I-E
3195,snowy,B-C
3195,conditions,I-C
3195,recall,I-E
3195,faulty,B-C
3195,torque,I-C
3195,sensors,I-C
3195,loss,I-E
3196,serious,B-E
3196,accident,I-E
3199,failure,I-C
3201,accident,I-E
3201,injury,I-E
3205,repair,I-C
3206,experienced,B-E
3206,loss,I-E
3207,frantic,B-E
3207,beeping,I-E
3207,forward,B-C
3207,collision,I-C
3210,safety,B-C
3214,accident,I-E
3216,damage,I-E
3216,damage,I-E
3217,failure,I-C
3221,failure,I-C
3226,current,B-E
3226,recall,I-E
3229,system,I-C
3229,failure,I-C
3229,injury,I-E
3232,exposure,I-C
3232,extreme,B-E
3232,heat,I-C
3235,low,I-C
3235,battery,I-C
3239,accident,I-E
3241,failure,I-C
3242,issue,I-C
3243,pose,B-E
3245,conditions,I-C
3245,activation,I-E
3248,accident,I-C
3250,battery,B-E
3250,battery,I-C
3251,failure,I-C
3251,computer,B-C
3251,issues,I-C
3252,failure,I-C
3254,effect,I-E
3264,issue,I-C
3268,failure,I-C
3269,failure,I-C
3272,loss,I-E
3276,noise,I-E
3276,problem,I-C
3277,electric,B-C
3277,burn,I-C
3280,major,B-E
3280,issues,I-E
3281,sudden,B-C
3281,unexpected,B-C
3281,loss,I-C
3282,recall,I-C
3282,loss,I-E
3283,bad,B-C
3283,worse,B-E
3283,noise,I-E
3284,vehicle,B-E
3284,crash,I-E
3289,noise,I-E
3290,horrible,B-E
3290,accident,I-E
3299,date,I-C
3300,serious,B-C
3300,crashes,I-C
3301,sudden,I-E
3301,loss,I-E
3303,failure,I-C
3308,serious,B-E
3308,accident,I-E
3309,situation,I-C
3315,traffic,I-C
3315,accident,I-E
3318,recall,I-C
3320,failure,I-C
3320,power,B-C
3320,steering,I-C
3320,failure,I-C
3331,mechanical,I-C
3331,loud,B-E
3331,loss,I-C
3331,recall,I-C
3331,problem,I-C
3332,safety,B-E
3335,traffic,I-C
3335,lights,I-C
3335,interference,I-E
3335,audible,B-E
3339,rate,I-C
3339,change,I-C
3339,events,I-C
3339,rear,I-E
3339,end,I-E
3339,collision,I-E
3341,failure,I-C
3341,failure,I-C
3354,speed,I-C
3355,short,I-C
3355,wire,I-C
3359,failure,I-C
3359,failure,I-C
3360,sudden,B-E
3360,loss,I-E
3360,failure,I-C
3362,dangerous,B-E
3362,driving,I-E
3364,bad,B-E
3364,accident,I-E
3366,sharp,I-C
3366,turn,I-C
3366,failure,I-C
3367,failure,I-C
3372,wide,I-C
3372,turn,I-C
3373,problem,I-C
3376,contact,I-C
3376,force,I-E
3377,grinding,I-C
3377,noise,I-E
3377,failure,I-C
3393,assist,I-E
3394,slight,B-E
3394,failure,B-C
3394,error,B-C
3394,message,I-C
3394,immediate,B-E
3394,loss,I-E
3395,loss,I-E
3397,issue,I-C
3401,noise,I-E
3402,water,B-E
3402,damage,I-E
3402,repeated,B-C
3402,water,I-C
3402,water,I-C
3405,failure,I-C
3407,car,I-C
3407,loud,B-E
3407,alarm,I-E
3408,crash,I-E
3410,loss,I-E
3411,accident,I-E
3413,poor,B-E
3413,acceleration,I-E
3413,pressure,I-C
3413,acceleration,I-E
3414,engine,I-C
3414,noise,I-E
3418,another,B-C
3418,vehicle,I-C
3418,near,B-E
3418,collisions,I-E
3419,repair,I-C
3422,failure,I-C
3424,adaptive,B-C
3424,control,I-C
3425,error,I-E
3426,problem,I-C
3432,false-positive,I-C
3432,situation,I-C
3433,accident,I-E
3433,risk,I-C
3434,accident,I-E
3436,problem,I-C
3438,power,B-C
3438,steering,I-C
3443,further,B-C
3443,corrosion,I-C
3443,steering,B-E
3443,design,I-C
3443,dangerous,B-E
3445,vehicle,B-E
3446,braking,I-C
3449,issue,I-C
3449,manufacturing,B-C
3451,failure,I-C
3457,damage,I-E
3459,software,B-E
3459,issues,I-E
3459,new,B-C
3459,camera,I-C
3462,death,I-E
3462,failure,I-C
3463,deceleration,I-E
3465,loss,I-E
3470,failure,I-E
3470,failure,I-C
3474,near,I-E
3480,high,B-C
3480,failure,I-C
3481,problem,I-E
3483,failure,I-C
3484,steering,B-C
3484,assist,I-C
3484,fault,I-C
3484,power,I-E
3484,steering,I-E
3485,loss,B-E
3485,accident,I-E
3488,issue,I-C
3492,caused,B-E
3492,recall,I-C
3498,traffic,I-C
3499,major,B-E
3499,grinding,I-E
3499,noise,I-E
3499,collision,I-E
3501,recall,I-C
3509,loss,I-E
3510,repair,I-C
3511,repair,I-C
3512,cold,I-C
3514,wind,I-C
3515,hard,B-E
3515,truck,I-C
3516,failure,I-C
3517,steering,I-C
3517,failures,I-C
3520,acceleration,I-C
3520,impact,I-C
3521,traffic,I-C
3524,fatal,B-C
3524,crashes,I-C
3524,data,I-C
3525,failure,I-C
3527,loss,I-E
3532,problem,I-C
3532,causes,B-E
3532,loss,I-E
3534,problem,I-C
3535,problem,I-C
3537,collision,I-E
3544,failure,I-C
3545,grinding,I-E
3545,noise,I-E
3548,force,I-C
3548,impact,I-C
3549,collision,I-C
3549,total,B-E
3549,loss,I-E
3551,loss,I-E
3551,corrosion,I-C
3557,impact,I-C
3557,crack,I-E
3557,impact,I-C
3562,power,B-C
3562,steering,I-C
3562,failure,I-C
3564,failure,I-C
3566,accident,I-E
3567,message,I-E
3567,failure,I-C
3569,severe,B-E
3569,vibration,I-E
3570,collision,I-E
3572,heavy,B-C
3572,major,B-C
3572,storm,I-C
3576,driving,I-C
3577,truck,I-C
3577,loud,B-E
3577,noise,I-E
3578,loss,B-C
3578,hard,I-C
3578,braking,I-C
3581,recall,I-C
3586,fault,I-C
3589,diagnostic,I-C
3591,loss,I-E
3595,issue,I-C
3595,serious,B-E
3601,hour,B-C
3601,traffic,I-C
3601,accident,I-E
3602,steering,I-C
3602,malfunction,I-C
3605,fires,I-E
3605,chemical,B-C
3605,weapons,I-C
3607,failure,I-C
3608,serious,B-C
3610,problem,I-C
3610,danger,I-C
3611,malfunctions,I-C
3611,several,B-E
3611,severe,B-E
3614,grinding,I-E
3614,sound,I-E
3617,failures,I-C
3620,traffic,I-C
3620,quick,I-C
3620,action,I-C
3620,response,I-C
3620,accident,I-E
3621,failure,I-C
3623,failure,I-C
3625,occurence,I-C
3625,accident8805,I-E
3630,serious,B-E
3630,wrecks,I-E
3630,speeds,I-C
3631,engine,I-C
3632,recall,I-E
3632,problem,I-C
3633,recall,I-C
3640,terrible,B-E
3640,pain,I-E
3640,pain,I-C
3644,failure,I-C
3647,loss,I-E
3649,loss,I-E
3663,bad,B-E
3663,accident,I-E
3666,problem,I-E
3667,danger,I-E
3670,accident,I-E
3674,no,B-E
3674,accident,I-E
3675,sun,I-C
3682,accident,I-E
3688,diagnostic,I-C
3688,failure,I-C
3689,sound,I-E
3690,error,I-E
3690,electronic,I-C
3691,failure,I-C
3693,acceleration,I-C
3693,failure,I-C
3694,failure,I-C
3699,change,I-C
3700,steering,B-C
3700,disaster,I-E
3701,abnormal,B-E
3701,vibration,I-E
3701,engine,I-C
3706,major,B-E
3706,accident,I-E
3706,accident,I-E
3711,loss,I-C
3711,dangerous,I-E
3711,steering,I-E
3712,loss,I-E
3713,alarm,I-E
3713,rapid,B-C
3713,steering,I-C
3713,failure,I-C
3717,dead,B-C
3719,failure,I-C
3719,failure,I-C
3720,gas,B-C
3720,effort,I-C
3720,crash,I-E
3722,vehicle,I-C
3722,abrupt,B-E
3722,grinding,I-E
3722,sound,I-E
3728,braking,I-C
3728,collision,I-E
3729,limited,B-C
3730,collision,I-E
3732,fault,I-C
3733,steering,I-C
3734,loss,I-E
3738,turn,I-C
3746,failure,B-C
3746,sudden,B-E
3746,loss,I-E
3747,harm,I-E
3755,engine,I-C
3755,failures,I-E
3759,problem,I-C
3760,failure,I-C
3762,accident,I-E
3764,failure,I-C
3766,force,I-C
3766,friction,I-E
3767,failure,I-E
3767,fault,I-C
3767,overheat,I-C
3769,sudden,I-C
3769,turning,I-C
3771,crash,I-E
3777,issue,I-C
3778,problem,I-E
3785,grinding,I-E
3785,noise,I-E
3785,grinding,I-E
3785,turn,I-C
3789,accident,I-C
3790,serious,B-E
3793,system,I-C
3794,failure,I-C
3796,failure,I-C
3797,failure,I-C
3798,issues,I-C
3799,loss,I-C
3800,accident,I-E
3801,loss,I-C
3802,failure,I-C
3804,loss,I-E
3804,loss,I-C
3806,failure,I-C
3808,alarm,I-E
3813,failure,I-C
3813,electrical,I-C
3813,fault,I-C
3813,crash,I-E
3814,safety,I-C
3815,failure,I-E
3817,sensor,B-C
3817,failure,I-C
3818,accident,I-E
3821,steering,B-C
3821,fault,I-C
3824,issue,I-C
3824,issue,I-C
3825,failure,I-C
3825,failure,I-C
3825,warning,B-E
3827,noise,I-E
3828,vehicle,I-C
3829,alert,I-E
3831,failure,I-C
3832,problems,B-C
3834,failure,I-C
3835,potential,B-E
3835,failure,I-E
3836,serious,B-E
3836,harm,I-E
3836,injury,I-E
3836,failure,I-C
3840,sudden,B-E
3840,loss,I-C
3845,alarm,I-E
3845,sound,I-E
3847,vehicle,I-C
3848,malfunction,I-C
3852,speed,I-C
3852,collision,I-E
3852,red,B-E
3852,alert,I-E
3853,issue,I-C
3861,failure,I-C
3870,steering,I-E
3870,loss,I-E
3874,accident,I-E
3875,issue,I-C
3876,no,B-E
3876,response,I-E
3877,failure,I-C
3878,power,B-C
3878,dangerous,B-E
3878,driving,I-E
3879,electrical,B-C
3880,bad,B-C
3880,placement,I-C
3884,system,I-C
3884,warning,I-E
3886,serious,B-E
3886,accident,I-E
3889,driving,B-C
3889,loss,I-C
3889,loss,I-C
3894,spot,I-C
3894,causes,B-E
3894,unsafe,B-E
3894,lane,I-E
3895,failures,I-E
3897,failure,I-C
3900,failure,I-C
3902,intermittent,B-C
3902,loss,I-E
3903,safety,B-E
3903,risk,I-E
3903,online,B-C
3903,research,I-C
3905,failure,I-C
3905,collision,I-E
3911,damage,I-E
3913,failure,I-C
3914,steering,I-C
3917,failure,I-E
3917,failure,I-C
3926,system,I-C
3928,total,B-C
3928,loss,I-C
3930,sudden,I-C
3930,loss,I-C
3930,significant,B-E
3930,force,I-E
3937,failure,I-C
3939,dangerous,B-E
3939,speeds,I-E
3946,sudden,I-C
3946,loss,I-C
3948,change,I-C
3948,forceful,I-C
3948,change,I-C
3950,failure,I-C
3953,great,B-E
3953,no,B-C
3953,steering,I-C
3953,power,B-C
3954,noise,I-E
3954,end,B-E
3954,collision,I-E
3961,crash,I-E
3966,light,I-E
3967,accident,I-E
3968,constant,B-E
3977,contact,I-C
3977,significant,B-E
3977,pressure,I-E
3977,crash,I-C
3977,crash,I-C
3980,failure,I-C
3980,failure,I-C
3983,problem,I-C
3985,issue,I-C
3990,failure,I-C
3995,failure,I-C
3996,noise,I-E
4002,intermittent,I-C
4002,loss,I-E
4005,issue,I-C
4005,large,I-E
4008,incomplete,I-E
4008,repetition,B-C
4008,risk,I-E
4008,engine,B-E
4011,light,I-C
4013,failure,I-C
4015,accident,I-E
4015,accident,I-E
4015,bad,B-C
4015,driver,I-C
4015,car,I-C
4025,electronic,I-C
4025,malfunction,I-C
4025,great,B-E
4025,risk,I-E
4027,failure,I-C
4027,failure,I-C
4032,injury,I-E
4033,serious,B-E
4035,problem,I-C
4036,weather,I-C
4036,traffic,I-C
4042,failures,I-E
4042,baddefective,B-C
4047,noise,I-E
4047,steering,I-C
4047,miles,I-E
4048,electrical,B-C
4048,fault,I-C
4048,failure,I-E
4052,salt,B-C
4052,corrosion,I-C
4052,crash,I-E
4052,loss,B-C
4055,steering,B-C
4055,near,I-E
4055,death,I-E
4055,experience,I-E
4056,obstruction,I-C
4061,problem,I-C
4063,accident,I-C
4067,risk,I-C
4068,wet,I-E
4068,rainstorm,I-C
4071,power,B-C
4071,steering,I-C
4073,failure,I-C
4082,failure,I-C
4084,loss,B-C
4088,noise,I-E
4096,panic,I-E
4102,failure,I-E
4104,failure,I-C
4107,failure,I-C
4110,sharp,I-E
4110,pull,I-E
4111,failure,I-E
4112,lost,B-C
4112,accident,I-E
4116,failure,I-C
4116,failure,I-C
4120,problem,I-C
4120,danger,I-E
4121,serious,B-E
4121,injury,I-E
4124,failure,I-C
4128,damage,I-E
4128,audio,B-C
4128,tone,I-C
4131,failure,I-C
4132,force,I-C
4133,fault,I-C
4134,issue,I-E
4134,frost,B-C
4134,build,I-C
4142,steering,I-C
4144,major,B-E
4144,accident,I-E
4145,risk,I-E
4145,injury,I-E
4146,low,B-C
4148,no,B-C
4148,power,I-C
4148,steering,I-C
4150,recall,I-C
4153,accident,I-E
4153,serious,B-E
4153,accident,I-E
4158,inspection,I-C
4162,failure,I-C
4163,failure,I-C
4164,safety,B-E
4165,crash,I-E
4166,incident,I-C
4167,failure,I-C
4170,accident,I-E
4174,failure,I-C
4175,accident,I-E
4175,problem,I-C
4178,loss,I-C
4178,accident,I-E
4181,crash,I-E
4181,steering,I-C
4181,failure,I-C
4191,recall,I-E
4198,wheel,I-C
4198,noise,I-E
4200,sustained,B-E
4200,accident,I-C
4200,failure,I-C
4201,unexpected,I-C
4202,problem,I-C
4206,significant,B-E
4206,damage,I-E
4210,hard,B-E
4212,impact,I-C
4214,complete,B-E
4214,loss,I-E
4215,sudden,B-E
4215,loss,I-E
4217,weather,I-E
4217,conditions,I-E
4217,error,I-C
4217,hazard,I-E
4221,failure,I-C
4222,steering,I-E
4229,motor,I-C
4229,problem,I-E
4229,accident,I-E
4235,failure,I-C
4237,dangerous,I-E
4237,driving,I-E
4237,condition,I-E
4237,problem,I-C
4238,issue,I-C
4238,loss,I-E
4240,vehicle,I-C
4242,broken,B-C
4242,english,I-C
4244,damage,I-E
4244,crash,I-C
4253,software,B-E
4253,reset,I-E
4253,loss,I-C
4254,failure,I-C
4258,cold,I-C
4259,loud,B-E
4259,noise,I-E
4262,behavior,I-C
4262,force,I-C
4266,recall,I-C
4271,previous,B-C
4271,recall,I-C
4271,repairs,I-C
4271,failures,I-E
4271,recall,I-C
4272,failure,I-C
4273,problem,I-C
4276,power,B-C
4276,steering,I-C
4276,failure,I-C
4280,issue,I-C
4282,loss,I-C
4282,issue,I-C
4282,accident,I-C
4285,head,I-C
4285,on,I-C
4285,collision,I-C
4288,end,B-E
4288,wear,B-C
4293,electronic,B-C
4293,power,I-C
4293,steering,I-C
4293,unsafe,B-E
4293,instability,I-E
4295,automatic,B-C
4295,braking,I-C
4296,issue,I-C
4297,alert,I-E
4298,lost,B-C
4298,major,B-E
4298,unsafe,I-E
4298,problem,I-C
4303,accident,I-E
4304,problem,I-E
4306,failure,I-C
4309,numerous,B-C
4309,prompted,B-E
4310,loss,B-E
4311,electrical,I-C
4311,short,I-C
4312,event,I-C
4322,car,B-E
4325,failure,I-C
4327,loud,B-E
4327,recall,I-E
4328,noise,I-E
4333,extreme,B-E
4333,concern,I-E
4334,several,B-E
4334,near,I-E
4334,misses,I-E
4338,loss,I-E
4341,power,B-E
4341,steering,I-E
4341,failure,I-E
4344,issue,I-C
4347,force,I-C
4347,accident,I-E
4347,issues,I-C
4351,failure,I-E
4353,total,B-C
4353,loss,I-C
4353,safety,I-C
4353,issue,I-C
4360,issue,I-C
4362,problems,B-C
4363,manufacturers,B-C
4363,defect,I-C
4365,speed,I-C
4369,crash,I-E
4369,failure,I-C
4369,water,I-C
4372,loss,I-E
4372,vehicle,B-E
4372,accidents,I-E
4374,loss,I-E
4378,safety,I-C
4378,hazard,I-C
4381,sound,I-E
4382,failure,I-C
4388,stopped,I-C
4388,car,I-C
4388,red,I-C
4388,light,I-C
4392,recall,I-E
4401,work,I-C
4402,problem,I-C
4402,issue,I-C
4405,steering,I-C
4405,effort,I-C
4406,end,I-C
4409,loss,I-E
4410,failure,I-C
4411,sudden,B-E
4411,acceleration,I-E
4411,slow,I-C
4411,entry,I-C
4413,failure,I-C
4413,failure,I-C
4418,failure,I-E
4422,lane,B-C
4422,closures,I-C
4428,failure,I-C
4429,awful,B-E
4429,noise,I-E
4433,fault,I-C
4433,loss,I-E
4434,severe,B-E
4434,vibration,I-E
4434,problem,I-E
4434,control,I-C
4435,failure,I-C
4438,accident,I-E
4445,failure,I-C
4446,loss,I-C
4452,vehicle,I-C
4452,noise,I-E
4459,problem,I-C
4460,loss,I-E
4466,risk,I-E
4467,failure,I-C
4472,failure,I-C
4473,construction,I-C
4473,problem,I-E
4475,software,B-C
4476,serious,B-E
4476,problem,I-C
4476,problem,I-C
4489,forward,B-C
4489,collision,I-C
4494,failure,I-E
4494,close,B-C
4494,heat,I-C
4495,computer,I-C
4496,heavy,B-C
4498,fatal,B-E
4498,accident,I-E
4499,faulty,B-C
4499,radar,I-C
4499,safety,B-C
4501,failure,I-C
4505,recall,I-E
4507,obstruction,B-C
4507,problem,I-E
4514,intermittent,B-E
4514,loss,I-C
4514,problem,I-E
4515,failure,I-C
4516,electrical,I-C
4516,issue,I-C
4516,failure,I-C
4517,higher,B-E
4517,traffic,I-C
4520,failure,I-C
4521,braking,I-C
4521,failure,I-C
4524,failure,I-C
4529,steering,I-C
4529,failure,I-C
4530,failure,I-C
4531,jerking,B-C
4531,dangerous,B-E
4534,sudden,I-C
4534,braking,I-C
4544,making,B-E
4544,noise,I-E
4544,electronic,B-C
4544,power,I-C
4544,steering,I-C
4550,car,I-C
4551,ride,I-C
4558,vehicle,I-C
4567,failure,I-C
4569,failure,I-C
4571,fault,I-C
4571,loss,I-C
4571,effort,I-E
4573,faulty,B-C
4573,radar,I-C
4573,dangerous,B-E
4573,malfunction,I-E
4578,loss,I-E
4578,loss,I-E
4578,sudden,I-C
4578,loss,I-C
4582,failure,I-C
4588,partial,B-E
4588,loss,I-E
4588,power,B-C
4588,steering,I-C
4593,assist,I-C
4593,crash,I-C
4598,complete,B-E
4598,loss,I-E
4599,sound,I-E
4603,failure,I-C
4607,emergency,B-C
4607,braking,I-C
4607,system,I-C
4607,noise,I-E
4613,grinding,I-C
4613,noise,I-E
4614,loud,B-E
4614,noise,I-E
4616,turns,I-C
4617,trip,I-C
4618,failure,I-C
4619,vehicles,B-E
4619,accidents,I-E
4619,side,B-C
4619,mirror,I-C
4619,blind,I-C
4619,spots,I-C
4621,noise,I-E
4623,problem,I-C
4624,failure,I-C
4626,sudden,B-C
4626,loss,I-C
4626,noise,I-E
4627,engine,I-C
4628,incident,I-C
4628,accident,I-E
4628,near,I-E
4628,collision,I-E
4629,damage,I-C
4629,power,I-E
4636,risk,I-E
4636,crash,I-E
4641,serious,B-E
4641,accident,I-E
4642,force,I-C
4643,investigation,I-C
4644,issues,I-C
4645,side,B-C
4645,radar,I-C
4645,warning,I-C
4645,abrupt,B-E
4645,braking,I-E
4645,service,B-C
4649,intermittent,B-C
4649,loss,I-C
4649,assist,B-C
4649,loss,I-E
4650,crash,I-E
4657,sudden,B-E
4657,unsafe,I-E
4657,lockup,I-E
4657,front,B-C
4657,radar,I-C
4657,obstruction,I-C
4667,loss,I-E
4668,serious,B-E
4668,accident,I-E
4670,loud,B-E
4672,required,B-E
4673,issue,I-C
4674,sudden,I-C
4674,loss,I-C
4675,recall,I-E
4676,occurrence,I-C
4679,noises,I-E
4681,message,I-E
4686,failure,I-E
4691,crash,I-E
4692,failure,I-C
4693,problems,I-E
4696,system,I-C
4696,malfunction,I-C
4696,information,I-C
4696,sound,I-E
4697,noise,I-E
4697,power,B-C
4697,steering,I-C
4697,issue,I-C
4700,failure,I-C
4701,major,B-E
4701,visual,B-C
4701,inspection,I-C
4702,crash,I-E
4704,noise,I-E
4704,stop,I-C
4711,drive,I-C
4715,warning,I-E
4718,dangerous,B-C
4718,situation,I-C
4718,accident,I-E
4720,crash,I-E
4721,rear,B-C
4721,differential,I-C
4721,failure,I-C
4722,failure,I-C
4724,obstruction,I-C
4725,rapid,B-E
4735,air,I-C
4736,problem,I-C
4736,accident,I-E
4738,failure,I-C
4744,failure,I-C
4744,failure,I-C
4748,front,B-C
4748,radar,I-C
4752,near,B-E
4752,end,I-E
4758,transmission,I-C
4761,emergency,B-C
4761,dangerous,I-E
4761,situation,I-E
4762,malfunction,I-C
4762,accident,I-E
4763,steering,I-C
4763,steering,I-C
4763,failure,I-C
4763,issue7242019,I-C
4766,huge,B-E
4766,recall,I-E
4766,power,B-C
4766,steering,I-C
4766,fault,I-C
4766,problem,I-C
4768,near,I-C
4770,automatic,B-C
4770,emergency,I-C
4770,braking,I-C
4770,system,I-C
4770,car,I-C
4770,front,B-E
4770,obstruction,I-C
4787,failure,I-C
4791,recall,I-E
4791,issue,I-C
4792,problem,I-C
4792,dangerous,I-E
4792,situation,I-E
4795,obstruction,B-C
4796,sudden,I-C
4799,failure,I-C
4801,failure,I-C
4802,flat,I-C
4802,tire,I-C
4803,sudden,B-E
4803,loss,I-E
4808,vibration,I-E
4808,failure,I-C
4810,obstruction,I-C
4812,causing,B-E
4812,accident,I-E
4815,serious,B-E
4815,accident,I-E
4816,safety,I-E
4816,concern,I-E
4818,driver,B-C
4818,distraction,I-C
4818,crash,I-E
4819,failure,I-C
4821,steering,I-C
4821,fault,I-C
4822,accident,I-E
4824,increased,B-E
4824,collisions,I-E
4826,noise,I-E
4826,examination,I-C
4826,fluid,B-E
4826,leak,I-E
4827,crash,I-C
4833,accident,I-E
4834,accident,I-E
4838,car,I-C
4838,noise,I-E
4842,failure,I-C
4844,malfunction,I-C
4850,failure,I-C
4852,sound,I-E
4853,concern,I-E
4856,noise,I-C
4857,failure,I-C
4859,major,B-E
4859,accident,I-E
4859,recall,I-E
4865,failure,I-C
4867,loss,I-E
4869,failure,I-C
4872,vehicle,I-C
4876,failure,I-C
4877,accident,I-E
4878,significant,B-E
4878,danger,I-E
4880,diagnostic,B-C
4880,test,I-C
4885,failure,I-C
4885,loss,I-E
4886,steering,I-C
4886,fault,I-C
4886,failure,I-E
4887,loss,B-C
4889,steering,I-C
4893,failure,I-C
4894,small,B-E
4894,accident,I-E
4894,problem,I-E
4898,accident,I-E
4898,deadly,B-E
4898,accident,I-E
4898,error,I-C
4899,damage,I-C
4905,noise,I-E
4905,failure,I-C
4908,accident,I-E
4914,sunlight,I-C
4914,glare,I-E
4914,glare,I-E
4918,driver,I-C
4918,potential,B-C
4918,danger,I-C
4919,failure,I-C
4922,noise,I-E
4928,vacuum,I-C
4928,sound,I-E
4933,wind,I-C
4936,failure,I-C
4936,failure,I-C
4940,noise,I-C
4943,collision,I-E
4944,concern,I-E
4946,more,B-E
4946,deaths,I-E
4952,electronic,B-C
4952,wheel,I-E
4952,resistance,I-E
4952,issues,I-C
4952,eventual,B-E
4952,failure,I-E
4956,grinding,I-E
4956,noise,I-E
4959,failure,I-C
4963,loss,I-C
4964,physical,B-E
4964,damage,I-E
4965,failure,I-C
4965,failures,I-C
4966,alarm,I-E
4966,alerts,I-E
4975,vehicle,I-C
4975,noise,I-E
4976,collision,I-C
4976,alarm,I-E
4978,sudden,I-C
4978,loss,I-C
4979,damage,I-E
4983,accident,I-E
4986,loss,I-C
4992,crash,I-E
4996,potential,B-E
4996,crash,I-E
4997,car,B-C
5004,shock,I-E
5004,failed,I-C
5005,alert,I-E
5005,force,I-C
5005,turn,I-C
5005,accident,I-E
5012,crash,I-E
5014,causes,B-E
5014,loss,I-E
5018,dead,B-C
5019,accident,I-E
5023,vehicle,I-C
5023,road,B-C
5024,force,I-C
5024,momentary,B-E
5024,loss,I-E
5024,loss,I-E
5030,failure,I-C
5031,failure,I-C
5033,car,I-C
5038,car,I-C
5038,multiple,B-E
5039,failure,I-C
5040,failure,I-C
5041,failure,I-C
5043,warning,I-E
5047,severe,B-E
5048,immediate,B-E
5049,issues,I-C
5050,restart,I-C
5052,issues,I-E
5053,sudden,I-E
5053,event,I-E
5056,failure,I-C
5058,sudden,B-C
5058,loss,I-C
5059,issue,I-C
5063,road,B-C
5069,failure,I-C
5070,recall,I-E
5072,minor,B-E
5072,injuries,I-E
5075,slight,B-C
5075,turn,I-C
5075,serious,B-E
5079,noise,I-E
5082,failure,I-C
5085,repair,I-C
5086,failure,I-C
5087,loss,I-C
5088,collision,I-E
5092,clicking,I-E
5092,noise,I-E
5093,potential,I-C
5093,steering,I-C
5093,end,I-E
5093,collision,I-E
5095,loss,I-C
5095,issue,I-C
5096,failure,I-E
5096,failure,I-C
5101,collision,I-C
5103,sensor,I-C
5103,failure,I-C
5103,loss,I-E
5111,obstruction,B-C
5114,car,I-C
5116,excessive,B-C
5116,play,I-C
5116,noise,I-E
5119,failure,I-C
5120,failure,I-C
5122,cold,B-C
5122,start,I-C
5123,crash,I-E
5127,hazard,I-E
5128,audible,B-E
5128,clicking,I-E
5128,noisevery,I-E
5129,risk,I-E
5129,recall,I-E
5130,truck,I-C
5131,forward,B-C
5131,collision,I-C
5131,system,I-C
5135,failure,I-C
5137,failure,I-C
5140,failure,I-C
5145,short,I-C
5147,lane,I-C
5149,total,B-E
5149,loss,I-E
5154,trip,I-C
5155,accident,I-E
5157,car,I-C
5157,noise,I-E
5161,failure,I-C
5161,crash,I-E
5162,recall,I-E
5164,noise,I-E
5165,failure,I-E
5166,failure,I-C
5167,failure,I-C
5171,failure,I-C
5173,road,I-C
5173,conditions,I-C
5174,failure,I-C
5178,possible,B-C
5178,problem,I-C
5183,accident,I-E
5186,power,B-C
5186,steering,I-C
5186,failures,I-C
5198,loss,I-E
5198,behavior,I-C
5199,failure,I-C
5200,strange,B-E
5200,noise,I-E
5201,high,B-E
5201,serious,B-E
5201,injury,I-E
5202,electrical,I-C
5202,defect,I-C
5202,sound,I-C
5202,sound,I-E
5202,failure,I-C
5204,loss,I-C
5208,multiple,B-C
5208,breaking,I-C
5208,crash,I-E
5212,failures,I-E
5212,loss,B-C
5212,complete,B-E
5212,loss,I-E
5214,clicking,I-E
5214,noise,I-E
5229,electrical,I-C
5229,electrical,B-E
5229,short,I-E
5233,impact,I-C
5234,noise,I-E
5239,heat,I-E
5241,obstruction,B-C
5243,safety,B-C
5244,failure,I-C
5251,failure,I-E
5253,noise,I-E
5254,problem,I-E
5254,electronic,I-C
5254,malfunctionfailure,I-C
5257,loud,B-E
5258,huge,B-C
5258,safety,I-C
5258,risk,I-C
5259,failure,I-C
5263,danger,I-E
5264,recall,I-E
5265,failure,I-C
5265,loss,I-E
5266,system,I-C
5268,obstruction,I-C
5269,loss,I-C
5270,hold,I-C
5274,sound,I-E
5276,random,I-C
5276,failure,I-C
5281,acceleration,I-C
5281,impact,B-E
5285,shock,I-C
5285,surprise,I-C
5291,inadvertent,B-C
5291,activation,I-C
5293,power,B-C
5294,motion,I-E
5295,over,I-E
5298,dead,I-E
5303,problem,I-C
5310,lack,I-C
5310,system,I-C
5313,loss,I-E
